CREATIVE COLLECTION,BLOOMINGVILLE
https://www.bloomingville.com/en/products/kitchen/varekort/cocktail-shaker-silver-recycled-glass,https://www.bloomingville.com/en/products/kitchen/varekort/cocktail-shaker-silver-stainless-steel
https://www.bloomingville.com/en/products/kitchen/varekort/echo-wine-cooler-green-glass,https://www.bloomingville.com/en/products/christmas/varekort/feliz-cocktail-fork-red-glass
https://www.bloomingville.com/en/products/kitchen/varekort/marsha-bottle-opener-gold-aluminum,https://www.bloomingville.com/en/products/kitchen/varekort/juliah-wine-cooler-silver-stainless-steel
https://www.bloomingville.com/en/products/kitchen/varekort/metta-bottle-opener-gold-aluminum,https://www.bloomingville.com/en/products/kitchen/varekort/kaluka-champagne-bowl-silver-stainless-steel
,https://www.bloomingville.com/en/products/kitchen/varekort/kirsi-jigger-gold-stainless-steel
,https://www.bloomingville.com/en/products/christmas/varekort/lynn-wine-stopper-white-glass
,https://www.bloomingville.com/en/products/kitchen/varekort/manna-jar-w-tap-clear-glass
,https://www.bloomingville.com/en/products/kitchen/varekort/montes-wine-rack-grey-metal
,https://www.bloomingville.com/en/products/kitchen/varekort/pineto-bottle-opener-gold-stainless-steel
,https://www.bloomingville.com/en/products/kitchen/varekort/rebekka-bottle-opener-black-metal
,https://www.bloomingville.com/en/products/kitchen/varekort/tenkai-wine-cooler-orange-terracotta
,https://www.bloomingville.com/en/products/kitchen/varekort/yuichi-ice-bucket-silver-aluminum
,https://www.bloomingville.com/en/products/kitchen/varekort/celie-lemon-juicer-nature-beech
,https://www.bloomingville.com/en/products/kitchen/varekort/cocktail-bar-set-gold-stainless-steel
,https://www.bloomingville.com/en/products/kitchen/varekort/cocktail-ice-bucket-gold-stainless-steel
,https://www.bloomingville.com/en/products/kitchen/varekort/cocktail-jigger-silver-stainless-steel
,https://www.bloomingville.com/en/products/kitchen/varekort/cocktail-shaker-clear-glass
,https://www.bloomingville.com/en/products/kitchen/varekort/cocktail-shaker-gold-stainless-steel
,https://www.bloomingville.com/en/products/kitchen/varekort/mendi-straw-brush-gold-stainless-steel
,https://www.bloomingville.com/en/products/kitchen/varekort/nafi-cork-screw-black-stainless-steel
,https://www.bloomingville.com/en/products/kitchen/varekort/rani-wine-stopper-yellow-stoneware
,https://www.bloomingville.com/en/products/kitchen/varekort/yuichi-ice-bucket-gold-aluminum
,https://www.bloomingville.com/en/products/kitchen/varekort/colette-ice-bucket-silver-stainless-steel
,https://www.bloomingville.com/en/products/kitchen/varekort/lynn-wine-stopper-clear-glass
,https://www.bloomingville.com/en/products/kitchen/varekort/lynn-wine-stopper-purple-glass
,https://www.bloomingville.com/en/products/kitchen/varekort/magne-wine-rack-black-metal
