Product URL,Product Name,Breadcrumbs,Price,Short Description,Variant Images
https://royaldesign.se/rainbow-dorrmatta-55x75-cm-natur,"Rainbow Dörrmatta 55x75 cm, Natur",Mattor,500kr,Rainbow dörrmatta från OYOY i kokosfiber med en baksida i silikon och en lekfull form perfekt för att få hallen att se mer välkomnande ut.,"https://media.royaldesign.se/1/oyoy-rainbow-dorrmatta-55x75-cm-natur-2?quality=80&w=800, https://media.royaldesign.se/1/oyoy-rainbow-doormat-nature-0?quality=80&w=800, https://media.royaldesign.se/1/oyoy-rainbow-dorrmatta-55x75-cm-natur-0?quality=80&w=800"
https://royaldesign.se/circus-korgar-2-delar?p=328151,"Circus Korgar 2 Delar, Blå",Barnrumsinredning,2500kr,Circus korgar från OYOY i rotting med ett lock och en lekfull form med massor av utrymme perfekt för barnrummet.,"https://media.royaldesign.se/1/oyoy-circus-korgar-2-delar-0?quality=80&w=800, https://media.royaldesign.se/1/oyoy-circus-korgar-2-delar-3?quality=80&w=800, https://media.royaldesign.se/1/oyoy-circus-basket-set-of-2-blue-1?quality=80&w=800"
https://royaldesign.se/circus-korgar-2-delar?p=328152,"Circus Korgar 2 Delar, Nutmeg",Barnrumsinredning,2500kr,Circus korgar från OYOY i rotting med ett lock och en lekfull form med massor av utrymme perfekt för barnrummet.,"https://media.royaldesign.se/1/oyoy-circus-korgar-2-delar-7?quality=80&w=800, https://media.royaldesign.se/1/oyoy-circus-korgar-2-delar-4?quality=80&w=800, https://media.royaldesign.se/1/oyoy-circus-basket-set-of-2-blue-2?quality=80&w=800"
https://royaldesign.se/rainbow-julkalender-50x60-cm-choko,"Rainbow Julkalender 50x60 cm, Choko",Dekoration,629kr,"Rainbow julkalender från OYOY i ekologisk bomull med 24 metallringar, en lekfull form och harmoniska färger.","https://media.royaldesign.se/1/oyoy-rainbow-christmas-calendar-choko-1?quality=80&w=800, https://media.royaldesign.se/1/oyoy-rainbow-christmas-calendar-choko-0?quality=80&w=800, https://media.royaldesign.se/1/oyoy-rainbow-julkalender-50x60-cm-choko-0?quality=80&w=800"
https://royaldesign.se/mini-krok?p=328171,"Mini Krok, Björn",Förvaring & Hyllor,260kr,"Mini krok från OYOY i bok med ett lekfullt, roligt djurmotiv perfekt för barnrummet.","https://media.royaldesign.se/1/oyoy-mini-hook-koala-nature-1?quality=80&w=800, https://media.royaldesign.se/1/oyoy-mini-hook-koala-nature-2?quality=80&w=800"
https://royaldesign.se/pullo-termosflaska?p=337321,"Pullo Termosflaska, Korall / Cherry Red / Cherry Red",Glas,320kr,Pullo termosflaska från OYOY med en praktisk design i rostfritt stål perfekt för både varma och kalla drycker.,"https://media.royaldesign.se/1/oyoy-pullo-termosflaska-3?quality=80&w=800, https://media.royaldesign.se/1/oyoy-pullo-bottle-4?quality=80&w=800"
https://royaldesign.se/mellow-barnbestick-3-pack?p=337356,"Mellow Barnbestick 3-pack, Choko / Isblå / Mint",Barnens Kök & Servis,250kr,Mellow barnbestick från OYOY med en praktisk design i rostfritt stål med ett greppvänligt handtag i silikon perfekt för vardagen.,"https://media.royaldesign.se/1/oyoy-mellow-barnbestick-3-pack-3?quality=80&w=800, https://media.royaldesign.se/1/oyoy-mellow-cutlery-pack-of-3-2?quality=80&w=800, https://media.royaldesign.se/1/oyoy-mellow-barnbestick-3-pack-1?quality=80&w=800"
https://royaldesign.se/yuka-swirl-glas-2-pack?p=385022,"Yuka Glas 2-pack, Vit",Glas,380kr,Yuka Swirl glas från OYOY med en handgjord design i glas med en konstnärlig känsla och funktion och ett vackert svirvelmönster.,"https://media.royaldesign.se/1/oyoy-yuka-virvelglas-2-pack-gula-5?quality=80&w=800, https://media.royaldesign.se/1/oyoy-yuka-virvelglas-2-pack-gula-7?quality=80&w=800, https://media.royaldesign.se/1/oyoy-yuka-virvelglas-2-pack-gula-4?quality=80&w=800"
https://royaldesign.se/mini-krok?p=328172,"Mini Krok, Kanin",Förvaring & Hyllor,260kr,"Mini krok från OYOY i bok med ett lekfullt, roligt djurmotiv perfekt för barnrummet.","https://media.royaldesign.se/1/oyoy-mini-hook-koala-nature-3?quality=80&w=800, https://media.royaldesign.se/1/oyoy-mini-hook-koala-nature-4?quality=80&w=800"
https://royaldesign.se/putki-dorrmatta-52x76-cm?p=328089,"Putki Dörrmatta 52x76 cm, Dusty Blue",Mattor,530kr,"Putki dörrmatta från OYOY i återvunnen polyester med ett enkelt, stilrent uttryck och fransar längs kortsidorna.","https://media.royaldesign.se/1/oyoy-putki-dorrmatta-52x76-cm-1?quality=80&w=800, https://media.royaldesign.se/1/oyoy-putki-recycled-doormat-choko-2?quality=80&w=800, https://media.royaldesign.se/1/oyoy-putki-dorrmatta-52x76-cm-3?quality=80&w=800"
https://royaldesign.se/standing-lion-poster-30x40-cm,"Standing Lion Poster, 30x40 cm",Dekoration,310kr,"Standing Lion poster från OYOY med en lekfull, färgglad illustration perfekt för barnrummet.",No variant images
https://royaldesign.se/mellow-tallriksset-2-pack?p=337302,"Mellow Tallriksset 2-pack, Choko/Pale Mint",Skålar & Uppläggningsfat,316kr,"Mellow tallriksset från OYOY med två dekorativa, tåliga tallrikar i silikon med inspiration av marshmallows med härliga färger perfekta för barn, till vardags och för picknicken.",No variant images
https://royaldesign.se/kojo-hurricane-ljuslykta?p=337383,"Kojo Hurricane Ljuslykta, Powder",Ljusstakar & Ljuslyktor,330kr,"Kojo Hurricane ljuslykta från OYOY med en elegant, organisk form i munblåst glas med vackra skiftningar perfekt för att skapa en mysig stämning i vilket rum som helst.","https://media.royaldesign.se/1/oyoy-kojo-hurricane-ljuslykta-10?quality=80&w=800, https://media.royaldesign.se/1/oyoy-kojo-hurricane-ljuslykta-7?quality=80&w=800, https://media.royaldesign.se/1/oyoy-kojo-hurricane-11?quality=80&w=800"
https://royaldesign.se/pullo-termosflaska?p=337320,"Pullo Termosflaska, Caramel/Icy Blue",Glas,287kr,Pullo termosflaska från OYOY med en praktisk design i rostfritt stål perfekt för både varma och kalla drycker.,"https://media.royaldesign.se/1/oyoy-pullo-termosflaska-2?quality=80&w=800, https://media.royaldesign.se/1/oyoy-pullo-bottle-0?quality=80&w=800, https://media.royaldesign.se/1/oyoy-pullo-termosflaska-0?quality=80&w=800"
https://royaldesign.se/follow-the-rainbow-vaggdekoration?p=328144,"Follow The Rainbow Väggdekoration 55x69 cm, Choko",Barnrumsinredning,750kr,"Follow The Rainbow väggdekoration från OYOY med en drömmig, handvävd regnbåge med vackra färgkombinationer och fransar i nederkant.",No variant images
https://royaldesign.se/scented-candle-mori-doftljus,Scented Candle- Mori Doftljus,Ljusstakar & Ljuslyktor,230kr,Scented Candle- Mori doftljus från OYOY med en dekorativ glasburk med ett lock och en uppfriskande doft.,"https://media.royaldesign.se/1/oyoy-scented-candle-mori-doftljus-1?quality=80&w=800, https://media.royaldesign.se/1/oyoy-scented-candle-mori-0?quality=80&w=800, https://media.royaldesign.se/1/oyoy-scented-candle-mori-doftljus-0?quality=80&w=800"
https://royaldesign.se/vaggdekoration?p=337393,Leopard Miniature Väggdekoration,Dekoration,400kr,"Väggdekoration från OYOY med en dekorativ design med en mjuk, härlig känsla med fina, lekfulla motiv perfekt för barnrummet.",No variant images
https://royaldesign.se/speldosa?p=337374,Henry Elephant Speldosa,Barnrumsinredning,550kr,Speldosa från OYOY med en gullig design med olika figurer att välja mellan och en mysig vaggvisa perfekt till barnrummet eller barnvagnen.,No variant images
https://royaldesign.se/follow-the-rainbow-vaggdekoration?p=204683,"Follow The Rainbow Väggdekoration 100x124 cm, Multi",Barnrumsinredning,1099kr,"Follow The Rainbow väggdekoration från OYOY med en drömmig, handvävd regnbåge med vackra färgkombinationer och fransar i nederkant.","https://media.royaldesign.se/1/oyoy-follow-the-rainbow-vaggdekor-100x115cm-0?quality=80&w=800, https://media.royaldesign.se/1/oyoy-follow-the-rainbow-vaggdekor-100x115cm-1?quality=80&w=800"
https://royaldesign.se/putki-dorrmatta-52x76-cm?p=328091,"Putki Dörrmatta 52x76 cm, Caramel",Mattor,530kr,"Putki dörrmatta från OYOY i återvunnen polyester med ett enkelt, stilrent uttryck och fransar längs kortsidorna.","https://media.royaldesign.se/1/oyoy-putki-dorrmatta-52x76-cm-5?quality=80&w=800, https://media.royaldesign.se/1/oyoy-putki-recycled-doormat-choko-4?quality=80&w=800"
https://royaldesign.se/raita-handduk?p=328102,"Raita Handduk 100x50 cm, Caramel/Isblå",Badrumstextilier,310kr,"Raita handduk från OYOY i mjuk, ekologisk bomull med ett randigt mönster och ett modernt, stilrent uttryck.","https://media.royaldesign.se/1/oyoy-raita-handduk-0?quality=80&w=800, https://media.royaldesign.se/1/oyoy-raita-towel-40x60-cm-9?quality=80&w=800, https://media.royaldesign.se/1/oyoy-raita-handduk-1?quality=80&w=800"
https://royaldesign.se/saga-bonbonniere-burk-med-lock-high?p=337295,"Saga Bonbonniere Burk Med Lock High, Off-white",Skålar & Uppläggningsfat,380kr,"Saga Bonbonniere burk från OYOY med en dekorativ, rundad form i stengods perfekt för snygg förvaring.","https://media.royaldesign.se/1/oyoy-saga-bonbonniere-high-1?quality=80&w=800, https://media.royaldesign.se/1/oyoy-saga-bonbonniere-burk-med-lock-high-0?quality=80&w=800"
https://royaldesign.se/yummy-termosflaska?p=337334,Yummy Termosflaska Pear,Glas,330kr,"Yummy termosflaska från OYOY med en praktisk design i aluminium perfekt för barn, för picknicken och för utomhusaktiviteter.","https://media.royaldesign.se/1/oyoy-yummy-termosflaska-2?quality=80&w=800, https://media.royaldesign.se/1/oyoy-yummy-bottle-0?quality=80&w=800, https://media.royaldesign.se/1/oyoy-yummy-termosflaska-0?quality=80&w=800"
https://royaldesign.se/yummy-termosflaska?p=337336,Yummy Termosflaska Apple,Glas,330kr,"Yummy termosflaska från OYOY med en praktisk design i aluminium perfekt för barn, för picknicken och för utomhusaktiviteter.","https://media.royaldesign.se/1/oyoy-yummy-termosflaska-6?quality=80&w=800, https://media.royaldesign.se/1/oyoy-yummy-termosflaska-8?quality=80&w=800, https://media.royaldesign.se/1/oyoy-yummy-bottle-8?quality=80&w=800"
https://royaldesign.se/oy-matstol?p=337397,"OY Matstol, Ask",Stolar & Pallar,3900kr,"OY matstol från OYOY med en tidlös, enkel design i ask som harmoniskt smälter in i hemmet med fina, rundade former.","https://media.royaldesign.se/1/oyoy-oy-matstol-5?quality=80&w=800, https://media.royaldesign.se/1/oyoy-oy-dining-chair-0?quality=80&w=800, https://media.royaldesign.se/1/oyoy-oy-matstol-0?quality=80&w=800"
https://royaldesign.se/siltaa-recycled-pall-sidobord?p=337344,"Siltaa Recycled Pall / Sidobord, Svart",Stolar & Pallar,2000kr,Siltaa Recycled pall från OYOY med en tålig design i återvunnen plast.,"https://media.royaldesign.se/1/oyoy-siltaa-recycled-stool-10?quality=80&w=800, https://media.royaldesign.se/1/oyoy-siltaa-recycled-pall-sidobord-4?quality=80&w=800, https://media.royaldesign.se/1/oyoy-siltaa-recycled-pall-sidobord-6?quality=80&w=800"
https://royaldesign.se/mizu-dricksglas-2-pack?p=385020,"Mizu Dricksglas 2-pack, Gul",Glas,345kr,"Mizu dricksglas från OYOY i munblåst glas med en organisk, unik form med ett elegant, modernt uttryck med vita ränder för alla hem och stilar.","https://media.royaldesign.se/1/oyoy-mizu-dricksglas-2-pack-vit-15?quality=80&w=800, https://media.royaldesign.se/1/oyoy-mizu-dricksglas-2-pack-vit-16?quality=80&w=800, https://media.royaldesign.se/1/oyoy-mizu-dricksglas-2-pack-vit-14?quality=80&w=800"
https://royaldesign.se/cork-pall-20x40cm,Cork Pall 20x40cm,Stolar & Pallar,3000kr,Cork Pall 20x40cm från OYOY är en stilren och praktisk sittmöbel tillverkad i kork. Perfekt för en modern inredning med naturliga material.,"https://media.royaldesign.se/1/oyoy-cork-pall-20x40cm-4?quality=80&w=800, https://media.royaldesign.se/1/oyoy-cork-pall-20x40cm-0?quality=80&w=800, https://media.royaldesign.se/1/oyoy-cork-pall-20x40cm-1?quality=80&w=800"
https://royaldesign.se/raita-handduk?p=328105,"Raita Handduk 140x70 cm, Caramel/Isblå",Badrumstextilier,530kr,"Raita handduk från OYOY i mjuk, ekologisk bomull med ett randigt mönster och ett modernt, stilrent uttryck.","https://media.royaldesign.se/1/oyoy-raita-towel-40x60-cm-4?quality=80&w=800, https://media.royaldesign.se/1/oyoy-raita-handduk-0?quality=80&w=800, https://media.royaldesign.se/1/oyoy-raita-handduk-1?quality=80&w=800"
https://royaldesign.se/kotai-bench-bank?p=328110,"Kotai Bänk Ek, Natur",Stolar & Pallar,4300kr,"Kotai Bench bänk från OYOY i ek med en minimalistisk design med rena, enkla linjer.","https://media.royaldesign.se/1/oyoy-kotai-bench-2?quality=80&w=800, https://media.royaldesign.se/1/oyoy-kotai-bench-bank-4?quality=80&w=800, https://media.royaldesign.se/1/oyoy-kotai-bench-3?quality=80&w=800"
https://royaldesign.se/arca-bord-natur-ek,"Arca Bord Natur, Ek",Barnmöbler,3600kr,"Arca bord från OYOY i hållbar, vitpigmenterad ek med en funktionell, tidlös design perfekt för barnrummet.","https://media.royaldesign.se/1/oyoy-arca-table-nature-1?quality=80&w=800, https://media.royaldesign.se/1/oyoy-arca-bord-natur-ek-3?quality=80&w=800, https://media.royaldesign.se/1/oyoy-arca-table-nature-0?quality=80&w=800"
https://royaldesign.se/follow-the-rainbow-vaggdekoration?p=328142,"Follow The Rainbow Väggdekoration 100x124 cm, Choko",Barnrumsinredning,879kr,"Follow The Rainbow väggdekoration från OYOY med en drömmig, handvävd regnbåge med vackra färgkombinationer och fransar i nederkant.",No variant images
https://royaldesign.se/saga-bonbonniere-burk-med-lock-low?p=337296,"Saga Bonbonniere Burk Med Lock Low, Blå",Skålar & Uppläggningsfat,260kr,"Saga Bonbonniere burk från OYOY med en dekorativ, rundad form i stengods perfekt för snygg förvaring.",No variant images
https://royaldesign.se/scented-candle-aji-doftljus,Scented Candle- Aji Doftljus,Ljusstakar & Ljuslyktor,230kr,Scented Candle- Aji doftljus från OYOY med en dekorativ glasburk med ett lock och en fräsch doft.,"https://media.royaldesign.se/1/oyoy-scented-candle-aji-doftljus-0?quality=80&w=800, https://media.royaldesign.se/1/oyoy-scented-candle-aji-doftljus-2?quality=80&w=800, https://media.royaldesign.se/1/oyoy-scented-candle-aji-0?quality=80&w=800"
https://royaldesign.se/snacksskal-2-pack?p=337318,Pineapple & Apple Snacksskål 2-pack,Skålar & Uppläggningsfat,179kr,Snacksskål från OYOY med en dekorativ design med olika fruktmotiv perfekt för barn och för picknicken.,"https://media.royaldesign.se/1/oyoy-snacksskal-2-pack-3?quality=80&w=800, https://media.royaldesign.se/1/oyoy-pineapple-apple-snack-bowl-0?quality=80&w=800, https://media.royaldesign.se/1/oyoy-snacksskal-2-pack-0?quality=80&w=800"
https://royaldesign.se/nuku-baby-baddset-100x70-cm?p=337327,"Nuku Baby Bäddset 100x70 cm, Off-white",Barntextilier,550kr,Nuku Baby bäddset från OYOY med en härlig kvalitet i ekologisk bomull med en lätt struktur för extra komfort perfekt för barnrummet.,"https://media.royaldesign.se/1/oyoy-nuku-bedding-baby-0?quality=80&w=800, https://media.royaldesign.se/1/oyoy-nuku-baby-baddset-100x70-cm-3?quality=80&w=800, https://media.royaldesign.se/1/oyoy-nuku-baby-baddset-100x70-cm-0?quality=80&w=800"
https://royaldesign.se/oy-matstol?p=337398,"OY Matstol, Dark Nature",Stolar & Pallar,3900kr,"OY matstol från OYOY med en tidlös, enkel design i ask som harmoniskt smälter in i hemmet med fina, rundade former.","https://media.royaldesign.se/1/oyoy-oy-matstol-6?quality=80&w=800, https://media.royaldesign.se/1/oyoy-oy-dining-chair-7?quality=80&w=800, https://media.royaldesign.se/1/oyoy-oy-matstol-10?quality=80&w=800"
https://royaldesign.se/matta-o120-cm?p=337371,Theo Dino Matta Ø120 cm,Barntextilier,2300kr,"Matta från OYOY med en dekorativ design med en mjuk, härlig känsla med två lekfulla motiv att välja mellan perfekt för barnrummet.","https://media.royaldesign.se/1/oyoy-matta-120-cm-1?quality=80&w=800, https://media.royaldesign.se/1/oyoy-matta-120-cm-2?quality=80&w=800, https://media.royaldesign.se/1/oyoy-theo-dino-rug-0?quality=80&w=800"
https://royaldesign.se/grid-hylla-natur,"Grid Hylla, Natur",Förvaring & Hyllor,3310kr,"Grid hylla från OYOY med en elegant, praktisk design i ek med tolv fack perfekt för snygg förvaring.","https://media.royaldesign.se/1/oyoy-grid-shelf-large-0?quality=80&w=800, https://media.royaldesign.se/1/oyoy-grid-hylla-natur-0?quality=80&w=800, https://media.royaldesign.se/1/oyoy-grid-hylla-natur-1?quality=80&w=800"
https://royaldesign.se/kotai-bench-bank?p=328113,"Kotai Bänk Ek, Cherry Red",Stolar & Pallar,4300kr,"Kotai Bench bänk från OYOY i ek med en minimalistisk design med rena, enkla linjer.","https://media.royaldesign.se/1/oyoy-kotai-bench-0?quality=80&w=800, https://media.royaldesign.se/1/oyoy-kotai-bench-bank-5?quality=80&w=800, https://media.royaldesign.se/1/oyoy-kotai-bench-bank-7?quality=80&w=800"
https://royaldesign.se/oy-soffbord-ek?p=328111,"Oy Soffbord Ek, Liten",Bord,5000kr,"Oy soffbord från OYOY i solid, vitpigmenterad ek med en minimalistisk, tidlös design som harmoniskt smälter in i hemmet.","https://media.royaldesign.se/1/oyoy-oy-soffbord-ek-3?quality=80&w=800, https://media.royaldesign.se/1/oyoy-oy-coffee-table-2?quality=80&w=800, https://media.royaldesign.se/1/oyoy-oy-coffee-table-1?quality=80&w=800"
https://royaldesign.se/ring-kruka?p=328027,"Ring Kruka Liten, Choko",Trädgård,450kr,"Ring kruka från OYOY i terrakotta för utomhusbruk med en matt yta och en naturlig, organisk känsla.",No variant images
https://royaldesign.se/raita-handduk?p=328108,"Raita Handduk 100x150 cm, Caramel/Isblå",Badrumstextilier,450kr,"Raita handduk från OYOY i mjuk, ekologisk bomull med ett randigt mönster och ett modernt, stilrent uttryck.","https://media.royaldesign.se/1/oyoy-raita-towel-40x60-cm-12?quality=80&w=800, https://media.royaldesign.se/1/oyoy-raita-handduk-0?quality=80&w=800, https://media.royaldesign.se/1/oyoy-raita-handduk-1?quality=80&w=800"
https://royaldesign.se/pullo-termosflaska?p=337388,Pullo Bottle Termosflaska Butter,Glas,192kr,Pullo termosflaska från OYOY med en praktisk design i rostfritt stål perfekt för både varma och kalla drycker.,"https://media.royaldesign.se/1/oyoy-pullo-bottle-8?quality=80&w=800, https://media.royaldesign.se/1/oyoy-pullo-termosflaska-5?quality=80&w=800, https://media.royaldesign.se/1/oyoy-pullo-termosflaska-7?quality=80&w=800"
https://royaldesign.se/yuka-swirl-glas-2-pack?p=385021,"Yuka Glas 2-pack, Gul",Glas,190kr,Yuka Swirl glas från OYOY med en handgjord design i glas med en konstnärlig känsla och funktion och ett vackert svirvelmönster.,"https://media.royaldesign.se/1/oyoy-yuka-virvelglas-2-pack-gula-0?quality=80&w=800, https://media.royaldesign.se/1/oyoy-yuka-virvelglas-2-pack-gula-1?quality=80&w=800, https://media.royaldesign.se/1/oyoy-yuka-virvelglas-2-pack-gula-3?quality=80&w=800"
https://royaldesign.se/yuka-groove-glas-2-pack-klar,"Yuka Groove Glas 2-pack, Klar",Glas,165kr,Yuka Groove glas från OYOY med en handgjord design i glas med en konstnärlig känsla och funktion.,"https://media.royaldesign.se/1/oyoy-yuka-groove-glass-2-pack-clear-0?quality=80&w=800, https://media.royaldesign.se/1/oyoy-yuka-groove-glass-2-pack-clear-1?quality=80&w=800, https://media.royaldesign.se/1/oyoy-yuka-groove-glass-2-pack-clear-2?quality=80&w=800"
https://royaldesign.se/raita-handduk?p=328103,"Raita Handduk 100x50 cm, Caramel/Cloud",Badrumstextilier,124kr,"Raita handduk från OYOY i mjuk, ekologisk bomull med ett randigt mönster och ett modernt, stilrent uttryck.","https://media.royaldesign.se/1/oyoy-raita-handduk-0?quality=80&w=800, https://media.royaldesign.se/1/oyoy-raita-handduk-1?quality=80&w=800, https://media.royaldesign.se/1/oyoy-raita-towel-40x60-cm-10?quality=80&w=800"
https://royaldesign.se/savi-ljusstake-small?p=337329,"Savi Ljusstake Small, Beige",Ljusstakar & Ljuslyktor,321kr,"Savi ljusstake från OYOY med en elegant design i marmor med en vacker, polerad yta.","https://media.royaldesign.se/1/oyoy-savi-ljusstake-small-4?quality=80&w=800, https://media.royaldesign.se/1/oyoy-savi-marble-candleholder-small-4?quality=80&w=800, https://media.royaldesign.se/1/oyoy-savi-ljusstake-small-3?quality=80&w=800"
https://royaldesign.se/billy-dinosaur-gosedjur,Billy Dinosaur Gosedjur,Barnrumsinredning,360kr,Billy Dinosaur gosedjur från OYOY med en gullig design i bomull med en mjuk fyllning i återvunnen polyester perfekt för barnrummet och för mysstunden.,"https://media.royaldesign.se/1/oyoy-billy-dinosaur-gosedjur-0?quality=80&w=800, https://media.royaldesign.se/1/oyoy-billy-dinosaur-0?quality=80&w=800, https://media.royaldesign.se/1/oyoy-billy-dinosaur-gosedjur-3?quality=80&w=800"
https://royaldesign.se/yuka-swirl-glas-2-pack?p=385024,"Yuka Glas 2-pack, Blå",Glas,266kr,Yuka Swirl glas från OYOY med en handgjord design i glas med en konstnärlig känsla och funktion och ett vackert svirvelmönster.,"https://media.royaldesign.se/1/oyoy-yuka-virvelglas-2-pack-gula-12?quality=80&w=800, https://media.royaldesign.se/1/oyoy-yuka-virvelglas-2-pack-gula-14?quality=80&w=800, https://media.royaldesign.se/1/oyoy-yuka-virvelglas-2-pack-gula-13?quality=80&w=800"
https://royaldesign.se/kojo-vas-20-cm?p=337343,"Kojo Vas 20 cm, Rose",Dekoration,480kr,"Kojo vas från OYOY med en elegant, organisk form i munblåst glas med vackra skiftningar perfekt för snittblommor och grenar.","https://media.royaldesign.se/1/oyoy-kojo-vase-small-4?quality=80&w=800, https://media.royaldesign.se/1/oyoy-kojo-vas-20-cm-5?quality=80&w=800, https://media.royaldesign.se/1/oyoy-kojo-vas-20-cm-3?quality=80&w=800"
https://royaldesign.se/dot-matta-off-white?p=337386,Dot Matta Off-white 140x200 cm,Mattor,2962kr,"Dot matta från OYOY med en enkel, stilren design i ullblandning med eleganta tofsar i hörnen, en varm, naturlig färg och ett prickigt, diskret mönster som harmoniskt smälter in i hemmet.","https://media.royaldesign.se/1/oyoy-dot-rug-small-0?quality=80&w=800, https://media.royaldesign.se/1/oyoy-dot-matta-off-white-0?quality=80&w=800, https://media.royaldesign.se/1/oyoy-dot-matta-off-white-4?quality=80&w=800"
https://royaldesign.se/yummy-termosflaska?p=337335,Yummy Termosflaska Banana,Glas,231kr,"Yummy termosflaska från OYOY med en praktisk design i aluminium perfekt för barn, för picknicken och för utomhusaktiviteter.","https://media.royaldesign.se/1/oyoy-yummy-bottle-4?quality=80&w=800, https://media.royaldesign.se/1/oyoy-yummy-termosflaska-5?quality=80&w=800, https://media.royaldesign.se/1/oyoy-yummy-termosflaska-3?quality=80&w=800"
https://royaldesign.se/kojo-vas-20-cm?p=337342,"Kojo Vas 20 cm, Lavendel",Dekoration,240kr,"Kojo vas från OYOY med en elegant, organisk form i munblåst glas med vackra skiftningar perfekt för snittblommor och grenar.","https://media.royaldesign.se/1/oyoy-kojo-vas-20-cm-0?quality=80&w=800, https://media.royaldesign.se/1/oyoy-kojo-vas-20-cm-2?quality=80&w=800, https://media.royaldesign.se/1/oyoy-kojo-vase-small-0?quality=80&w=800"
https://royaldesign.se/saga-vase-vas?p=337290,"Saga Vase Vas, Brun",Dekoration,180kr,"Saga Vase vas från OYOY med en dekorativ, rundad form i stengods perfekt för växter och blommor.","https://media.royaldesign.se/1/oyoy-saga-vase-vas-2?quality=80&w=800, https://media.royaldesign.se/1/oyoy-saga-vase-vas-0?quality=80&w=800, https://media.royaldesign.se/1/oyoy-saga-vase-0?quality=80&w=800"
https://royaldesign.se/tippetop-ljusstake-no-2-svart,"Tippetop Ljusstake No 2, Svart",Ljusstakar & Ljuslyktor,176kr,Tippetop Ljusstake No 2 från OYOY är en elegant ljusstake i svart finish. Skapar en stilfull atmosfär i ditt hem. Perfekt för ljusstakar i olika storlekar.,"https://media.royaldesign.se/1/oyoy-tippetop-ljusstake-no-2-svart-2?quality=80&w=800, https://media.royaldesign.se/1/oyoy-tippetop-ljusstake-no-2-svart-0?quality=80&w=800, https://media.royaldesign.se/1/oyoy-tippetop-ljusstake-no-2-svart-1?quality=80&w=800"
https://royaldesign.se/malle-mushroom-matta-75x77-cm-rod,"Malle Mushroom Matta 75x77 cm, Röd",Barntextilier,450kr,"Malle Mushroom matta från OYOY i mjuk, tätvävd ullblandning med ett lekfullt motiv perfekt för barnrummet.",No variant images
https://royaldesign.se/hopsi-rabbit-matta-76x100-cm-off-white,"Hopsi Rabbit Matta 76x100 cm, Off-white",Barntextilier,525kr,"Hopsi Rabbit matta från OYOY i mysig, tätvävd ullblandning med ett sött motiv perfekt för barnrummet.",No variant images
https://royaldesign.se/mizu-vattenkaraff-vit,"Mizu Vattenkaraff Vit,",Vatten Kaffe & Te,210kr,"Mizu vattenkaraff från OYOY med ett elegant, modernt uttryck med vita ränder för alla hem och stilar.","https://media.royaldesign.se/1/oyoy-mizu-vattenkaraff-vit-3?quality=80&w=800, https://media.royaldesign.se/1/oyoy-mizu-vattenkaraff-vit-0?quality=80&w=800, https://media.royaldesign.se/1/oyoy-mizu-water-carafe-clear-0?quality=80&w=800"
https://royaldesign.se/kojo-vas-25-cm?p=337341,"Kojo Vas 25 cm, Lavendel",Dekoration,780kr,"Kojo vas från OYOY med en elegant, organisk form i munblåst glas med vackra skiftningar perfekt för snittblommor och grenar.","https://media.royaldesign.se/1/oyoy-kojo-vas-25-cm-7?quality=80&w=800, https://media.royaldesign.se/1/oyoy-kojo-vas-25-cm-4?quality=80&w=800, https://media.royaldesign.se/1/oyoy-kojo-vase-large-5?quality=80&w=800"
https://royaldesign.se/yuka-swirl-glas-2-pack?p=385023,"Yuka Glas 2-pack, Rosa",Glas,228kr,Yuka Swirl glas från OYOY med en handgjord design i glas med en konstnärlig känsla och funktion och ett vackert svirvelmönster.,"https://media.royaldesign.se/1/oyoy-yuka-virvelglas-2-pack-gula-8?quality=80&w=800, https://media.royaldesign.se/1/oyoy-yuka-virvelglas-2-pack-gula-11?quality=80&w=800, https://media.royaldesign.se/1/oyoy-yuka-virvelglas-2-pack-gula-9?quality=80&w=800"
https://royaldesign.se/dina-bobo-dinosaur-gosedjur,Dina & Bobo Dinosaur Gosedjur,Barnrumsinredning,450kr,Dina & Bobo Dinosaur gosedjur från OYOY med en gullig design i bomull med en mjuk fyllning i återvunnen polyester perfekt för barnrummet och för mysstunden.,"https://media.royaldesign.se/1/oyoy-dina-bobo-dinosaur-gosedjur-0?quality=80&w=800, https://media.royaldesign.se/1/oyoy-dina-bobo-dinosaur-gosedjur-3?quality=80&w=800, https://media.royaldesign.se/1/oyoy-dina-bobo-dinosaur-0?quality=80&w=800"
https://royaldesign.se/kojo-hurricane-ljuslykta?p=337382,"Kojo Hurricane Ljuslykta, Gul",Ljusstakar & Ljuslyktor,132kr,"Kojo Hurricane ljuslykta från OYOY med en elegant, organisk form i munblåst glas med vackra skiftningar perfekt för att skapa en mysig stämning i vilket rum som helst.","https://media.royaldesign.se/1/oyoy-kojo-hurricane-9?quality=80&w=800, https://media.royaldesign.se/1/oyoy-kojo-hurricane-ljuslykta-6?quality=80&w=800"
https://royaldesign.se/the-world-matta-o135cm,The World Matta Ø135cm,Mattor,540kr,The World Matta Ø135cm från OYOY är en stilren och tidlös matta med världskarta i lugna färger. Tillverkad i högkvalitativt material för att passa perfekt i ditt hem.,"https://media.royaldesign.se/1/oyoy-the-world-matta-135cm-1?quality=80&w=800, https://media.royaldesign.se/1/oyoy-the-world-matta-135cm-0?quality=80&w=800, https://media.royaldesign.se/1/oyoy-the-world-matta-135cm-2?quality=80&w=800"
https://royaldesign.se/savi-ljusstake-massing?p=328080,"Savi Ljusstake Mässing, Polerad",Ljusstakar & Ljuslyktor,260kr,"Savi ljusstake från OYOY i solid mässing med en elegant, stilren form som aldrig går ur tiden.","https://media.royaldesign.se/1/oyoy-savi-ljusstake-massing-1?quality=80&w=800, https://media.royaldesign.se/1/oyoy-savi-ljusstake-massing-0?quality=80&w=800, https://media.royaldesign.se/1/oyoy-savi-solid-brass-candleholder-brass-1?quality=80&w=800"
https://royaldesign.se/lina-matta-62x220-cm?p=328085,"Lina Matta 62x220 cm, Caramel",Utomhustextilier,768kr,"Lina matta från OYOY i återvunnen polyester för både inomhus och utomhusbruk med ett enkelt, elegant uttryck med fransar på kortsidorna.","https://media.royaldesign.se/1/oyoy-lina-recycled-runner-offwhite-2?quality=80&w=800, https://media.royaldesign.se/1/oyoy-lina-matta-62x220-cm-5?quality=80&w=800, https://media.royaldesign.se/1/oyoy-lina-matta-62x220-cm-3?quality=80&w=800"
https://royaldesign.se/putki-rug-clay-ullmatta?p=328095,"Putki Ullmatta 75x250 cm, Clay",Mattor,1125kr,"Putki Rug Clay ullmatta från OYOY med ett elegant, enkelt uttryck perfekt för alla hem, oavsett stil och smak.",No variant images
https://royaldesign.se/hevali-juniorsang?p=328119,"Hevali Juniorsäng, Natur",Barnmöbler,5390kr,"Hevali juniorsäng från OYOY i bok med ett tidlöst, enkelt uttryck och hållbar design.","https://media.royaldesign.se/1/oyoy-hevali-night-day-bed-nature-1?quality=80&w=800, https://media.royaldesign.se/1/oyoy-hevali-night-day-bed-nature-2?quality=80&w=800, https://media.royaldesign.se/1/oyoy-hevali-juniorsang-2?quality=80&w=800"
https://royaldesign.se/denim-kudde?p=328153,"Denim Kudde, Hope Hedgehog",Barntextilier,420kr,"Denim kudde från OYOY i ekologisk bomull med denimkänsla och lekfulla, roliga djurmotiv perfekta för barnrummet.","https://media.royaldesign.se/1/oyoy-denim-kudde-0?quality=80&w=800, https://media.royaldesign.se/1/oyoy-hope-hedgehog-denim-cushion-beige-1?quality=80&w=800"
https://royaldesign.se/awa-kruka-terrakotta?p=328033,"Awa Kruka Terrakotta, Lång",Trädgård,630kr,"Awa kruka från OYOY i frostsäker terrakotta för utomhusbruk med en matt yta och ett naturligt, organiskt uttryck.","https://media.royaldesign.se/1/oyoy-awa-pot-outdoor-long-terracotta-6?quality=80&w=800, https://media.royaldesign.se/1/oyoy-awa-kruka-terrakotta-1?quality=80&w=800, https://media.royaldesign.se/1/oyoy-awa-kruka-terrakotta-0?quality=80&w=800"
https://royaldesign.se/inka-vas?p=328078,"Inka Vas Liten, Off-white",Dekoration,375kr,"Inka vas från OYOY i handblåst glas med en elegant, enkel design med en dekorativ, lekfull boll på sidan.","https://media.royaldesign.se/1/oyoy-inka-vas-0?quality=80&w=800, https://media.royaldesign.se/1/oyoy-inka-vas-6?quality=80&w=800, https://media.royaldesign.se/1/oyoy-inka-vase-large-offwhite-2?quality=80&w=800"
https://royaldesign.se/saga-bonbonniere-burk-med-lock-high?p=337289,"Saga Bonbonniere Burk Med Lock High, Blå",Skålar & Uppläggningsfat,114kr,"Saga Bonbonniere burk från OYOY med en dekorativ, rundad form i stengods perfekt för snygg förvaring.",No variant images
https://royaldesign.se/circus-lektalt-clay,"Circus Lektält, Clay",Barnrumsinredning,900kr,Circus lektält från OYOY med en rund design med fina detaljer och mjuka färger som harmoniskt smälter in i hemmet.,"https://media.royaldesign.se/1/oyoy-circus-tent-0?quality=80&w=800, https://media.royaldesign.se/1/oyoy-circus-lektalt-clay-1?quality=80&w=800, https://media.royaldesign.se/1/oyoy-circus-lektalt-clay-0?quality=80&w=800"
https://royaldesign.se/toppu-kruka-randig,"Toppu Kruka, Randig",Dekoration,980kr,Toppu Kruka från OYOY är en stilren keramikkruka med randigt mönster. Perfekt för att addera en touch av elegans till ditt hem.,"https://media.royaldesign.se/1/oyoy-toppu-kruka-striped-1?quality=80&w=800, https://media.royaldesign.se/1/oyoy-toppu-kruka-striped-0?quality=80&w=800"
https://royaldesign.se/snacksskal-2-pack?p=337378,Strawberry & Cherry Snacksskål 2-pack,Skålar & Uppläggningsfat,200kr,Snacksskål från OYOY med en dekorativ design med olika fruktmotiv perfekt för barn och för picknicken.,"https://media.royaldesign.se/1/oyoy-strawberry-cherry-snack-bowl-0?quality=80&w=800, https://media.royaldesign.se/1/oyoy-snacksskal-2-pack-9?quality=80&w=800, https://media.royaldesign.se/1/oyoy-snacksskal-2-pack-7?quality=80&w=800"
https://royaldesign.se/mini-krok?p=328170,"Mini Krok, Koala",Förvaring & Hyllor,260kr,"Mini krok från OYOY i bok med ett lekfullt, roligt djurmotiv perfekt för barnrummet.","https://media.royaldesign.se/1/oyoy-mini-hook-koala-nature-5?quality=80&w=800, https://media.royaldesign.se/1/oyoy-mini-hook-koala-nature-6?quality=80&w=800"
https://royaldesign.se/denim-kudde?p=328154,"Denim Kudde, Erik Elephant",Barntextilier,600kr,"Denim kudde från OYOY i ekologisk bomull med denimkänsla och lekfulla, roliga djurmotiv perfekta för barnrummet.","https://media.royaldesign.se/1/oyoy-denim-kudde-2?quality=80&w=800, https://media.royaldesign.se/1/oyoy-denim-kudde-1?quality=80&w=800, https://media.royaldesign.se/1/oyoy-hope-hedgehog-denim-cushion-beige-2?quality=80&w=800"
