Product URL,Variant Images
https://royaldesign.se/rainbow-dorrmatta-55x75-cm-natur,https://media.royaldesign.se/1/oyoy-rainbow-dorrmatta-55x75-cm-natur-2?quality=80&w=800
https://royaldesign.se/circus-korgar-2-delar?p=328151,https://media.royaldesign.se/1/oyoy-circus-korgar-2-delar-3?quality=80&w=800
https://royaldesign.se/circus-korgar-2-delar?p=328152,https://media.royaldesign.se/1/oyoy-circus-korgar-2-delar-7?quality=80&w=800
https://royaldesign.se/rainbow-julkalender-50x60-cm-choko,https://media.royaldesign.se/1/oyoy-rainbow-julkalender-50x60-cm-choko-0?quality=80&w=800
https://royaldesign.se/mini-krok?p=328171,https://media.royaldesign.se/1/oyoy-mini-hook-koala-nature-2?quality=80&w=800
https://royaldesign.se/pullo-termosflaska?p=337321,https://media.royaldesign.se/1/oyoy-pullo-termosflaska-3?quality=80&w=800
https://royaldesign.se/mellow-barnbestick-3-pack?p=337356,https://media.royaldesign.se/1/oyoy-mellow-barnbestick-3-pack-3?quality=80&w=800
https://royaldesign.se/yuka-swirl-glas-2-pack?p=385022,https://media.royaldesign.se/1/oyoy-yuka-virvelglas-2-pack-gula-7?quality=80&w=800
https://royaldesign.se/mini-krok?p=328172,https://media.royaldesign.se/1/oyoy-mini-hook-koala-nature-4?quality=80&w=800
https://royaldesign.se/putki-dorrmatta-52x76-cm?p=328089,https://media.royaldesign.se/1/oyoy-putki-dorrmatta-52x76-cm-3?quality=80&w=800
https://royaldesign.se/standing-lion-poster-30x40-cm,No Variants Found
